,episode reward,episode,Method
0,-0.5,1,PPO-Raw
1,-0.5,2,PPO-Raw
2,-0.5,3,PPO-Raw
3,-0.5,4,PPO-Raw
4,-0.5,5,PPO-Raw
5,-0.5,6,PPO-Raw
6,-0.5,7,PPO-Raw
7,-0.5,8,PPO-Raw
8,-0.5,9,PPO-Raw
9,-0.5,10,PPO-Raw
10,-0.5,11,PPO-Raw
11,1.5,12,PPO-Raw
12,-0.5,13,PPO-Raw
13,-0.5,14,PPO-Raw
14,1.5,15,PPO-Raw
15,-0.5,16,PPO-Raw
16,-0.5,17,PPO-Raw
17,1.5,18,PPO-Raw
18,7.5,19,PPO-Raw
19,7.5,20,PPO-Raw
20,11.5,21,PPO-Raw
21,7.5,22,PPO-Raw
22,15.5,23,PPO-Raw
23,9.5,24,PPO-Raw
24,7.5,25,PPO-Raw
25,3.5,26,PPO-Raw
26,7.5,27,PPO-Raw
27,19.5,28,PPO-Raw
28,1.5,29,PPO-Raw
29,21.5,30,PPO-Raw
30,7.5,31,PPO-Raw
31,23.5,32,PPO-Raw
32,15.5,33,PPO-Raw
33,25.5,34,PPO-Raw
34,25.5,35,PPO-Raw
35,13.5,36,PPO-Raw
36,7.5,37,PPO-Raw
37,15.5,38,PPO-Raw
38,25.5,39,PPO-Raw
39,21.5,40,PPO-Raw
40,19.5,41,PPO-Raw
41,35.5,42,PPO-Raw
42,17.5,43,PPO-Raw
43,15.5,44,PPO-Raw
44,1.5,45,PPO-Raw
45,39.5,46,PPO-Raw
46,13.5,47,PPO-Raw
47,21.5,48,PPO-Raw
48,29.5,49,PPO-Raw
49,31.5,50,PPO-Raw
50,13.5,51,PPO-Raw
51,19.5,52,PPO-Raw
52,7.5,53,PPO-Raw
53,7.5,54,PPO-Raw
54,11.5,55,PPO-Raw
55,23.5,56,PPO-Raw
56,27.5,57,PPO-Raw
57,31.5,58,PPO-Raw
58,23.5,59,PPO-Raw
59,11.5,60,PPO-Raw
60,5.5,61,PPO-Raw
61,19.5,62,PPO-Raw
62,7.5,63,PPO-Raw
63,37.5,64,PPO-Raw
64,15.5,65,PPO-Raw
65,1.5,66,PPO-Raw
66,25.5,67,PPO-Raw
67,31.5,68,PPO-Raw
68,15.5,69,PPO-Raw
69,19.5,70,PPO-Raw
70,39.5,71,PPO-Raw
71,49.5,72,PPO-Raw
72,31.5,73,PPO-Raw
73,15.5,74,PPO-Raw
74,41.5,75,PPO-Raw
75,15.5,76,PPO-Raw
76,31.5,77,PPO-Raw
77,39.5,78,PPO-Raw
78,19.5,79,PPO-Raw
79,17.5,80,PPO-Raw
80,21.5,81,PPO-Raw
81,37.5,82,PPO-Raw
82,41.5,83,PPO-Raw
83,25.5,84,PPO-Raw
84,31.5,85,PPO-Raw
85,1.5,86,PPO-Raw
86,27.5,87,PPO-Raw
87,17.5,88,PPO-Raw
88,33.5,89,PPO-Raw
89,33.5,90,PPO-Raw
90,19.5,91,PPO-Raw
91,57.5,92,PPO-Raw
92,41.5,93,PPO-Raw
93,3.5,94,PPO-Raw
94,33.5,95,PPO-Raw
95,23.5,96,PPO-Raw
96,3.5,97,PPO-Raw
97,23.5,98,PPO-Raw
98,35.5,99,PPO-Raw
99,35.5,100,PPO-Raw
100,27.5,101,PPO-Raw
101,45.5,102,PPO-Raw
102,51.5,103,PPO-Raw
103,27.5,104,PPO-Raw
104,19.5,105,PPO-Raw
105,33.5,106,PPO-Raw
106,27.5,107,PPO-Raw
107,33.5,108,PPO-Raw
108,21.5,109,PPO-Raw
109,13.5,110,PPO-Raw
110,7.5,111,PPO-Raw
111,23.5,112,PPO-Raw
112,49.5,113,PPO-Raw
113,37.5,114,PPO-Raw
114,17.5,115,PPO-Raw
115,29.5,116,PPO-Raw
116,41.5,117,PPO-Raw
117,51.5,118,PPO-Raw
118,17.5,119,PPO-Raw
119,13.5,120,PPO-Raw
120,39.5,121,PPO-Raw
121,33.5,122,PPO-Raw
122,37.5,123,PPO-Raw
123,49.5,124,PPO-Raw
124,37.5,125,PPO-Raw
125,31.5,126,PPO-Raw
126,39.5,127,PPO-Raw
127,39.5,128,PPO-Raw
128,35.5,129,PPO-Raw
129,27.5,130,PPO-Raw
130,5.5,131,PPO-Raw
131,21.5,132,PPO-Raw
132,19.5,133,PPO-Raw
133,51.5,134,PPO-Raw
134,55.5,135,PPO-Raw
135,9.5,136,PPO-Raw
136,21.5,137,PPO-Raw
137,41.5,138,PPO-Raw
138,37.5,139,PPO-Raw
139,27.5,140,PPO-Raw
140,25.5,141,PPO-Raw
141,37.5,142,PPO-Raw
142,5.5,143,PPO-Raw
143,21.5,144,PPO-Raw
144,41.5,145,PPO-Raw
145,25.5,146,PPO-Raw
146,33.5,147,PPO-Raw
147,25.5,148,PPO-Raw
148,27.5,149,PPO-Raw
149,49.5,150,PPO-Raw
150,31.5,151,PPO-Raw
151,37.5,152,PPO-Raw
152,9.5,153,PPO-Raw
153,35.5,154,PPO-Raw
154,17.5,155,PPO-Raw
155,31.5,156,PPO-Raw
156,35.5,157,PPO-Raw
157,45.5,158,PPO-Raw
158,67.5,159,PPO-Raw
159,39.5,160,PPO-Raw
160,41.5,161,PPO-Raw
161,45.5,162,PPO-Raw
162,55.5,163,PPO-Raw
163,29.5,164,PPO-Raw
164,31.5,165,PPO-Raw
165,57.5,166,PPO-Raw
166,59.5,167,PPO-Raw
167,1.5,168,PPO-Raw
168,67.5,169,PPO-Raw
169,41.5,170,PPO-Raw
170,31.5,171,PPO-Raw
171,57.5,172,PPO-Raw
172,43.5,173,PPO-Raw
173,39.5,174,PPO-Raw
174,15.5,175,PPO-Raw
175,49.5,176,PPO-Raw
176,9.5,177,PPO-Raw
177,29.5,178,PPO-Raw
178,25.5,179,PPO-Raw
179,7.5,180,PPO-Raw
180,33.5,181,PPO-Raw
181,17.5,182,PPO-Raw
182,25.5,183,PPO-Raw
183,47.5,184,PPO-Raw
184,39.5,185,PPO-Raw
185,31.5,186,PPO-Raw
186,53.5,187,PPO-Raw
187,21.5,188,PPO-Raw
188,47.5,189,PPO-Raw
189,37.5,190,PPO-Raw
190,35.5,191,PPO-Raw
191,51.5,192,PPO-Raw
192,33.5,193,PPO-Raw
193,27.5,194,PPO-Raw
194,21.5,195,PPO-Raw
195,49.5,196,PPO-Raw
196,31.5,197,PPO-Raw
197,53.5,198,PPO-Raw
198,35.5,199,PPO-Raw
199,41.5,200,PPO-Raw
200,61.5,201,PPO-Raw
201,31.5,202,PPO-Raw
202,35.5,203,PPO-Raw
203,45.5,204,PPO-Raw
204,17.5,205,PPO-Raw
205,35.5,206,PPO-Raw
206,39.5,207,PPO-Raw
207,33.5,208,PPO-Raw
208,37.5,209,PPO-Raw
209,47.5,210,PPO-Raw
210,35.5,211,PPO-Raw
211,53.5,212,PPO-Raw
212,49.5,213,PPO-Raw
213,25.5,214,PPO-Raw
214,55.5,215,PPO-Raw
215,51.5,216,PPO-Raw
216,25.5,217,PPO-Raw
217,25.5,218,PPO-Raw
218,29.5,219,PPO-Raw
219,13.5,220,PPO-Raw
220,25.5,221,PPO-Raw
221,49.5,222,PPO-Raw
222,57.5,223,PPO-Raw
223,29.5,224,PPO-Raw
224,53.5,225,PPO-Raw
225,49.5,226,PPO-Raw
226,39.5,227,PPO-Raw
227,45.5,228,PPO-Raw
228,35.5,229,PPO-Raw
229,29.5,230,PPO-Raw
230,19.5,231,PPO-Raw
231,17.5,232,PPO-Raw
232,71.5,233,PPO-Raw
233,43.5,234,PPO-Raw
234,27.5,235,PPO-Raw
235,27.5,236,PPO-Raw
236,35.5,237,PPO-Raw
237,23.5,238,PPO-Raw
238,19.5,239,PPO-Raw
239,51.5,240,PPO-Raw
240,17.5,241,PPO-Raw
241,29.5,242,PPO-Raw
242,41.5,243,PPO-Raw
243,45.5,244,PPO-Raw
244,43.5,245,PPO-Raw
245,35.5,246,PPO-Raw
246,27.5,247,PPO-Raw
247,25.5,248,PPO-Raw
248,39.5,249,PPO-Raw
249,43.5,250,PPO-Raw
250,13.5,251,PPO-Raw
251,31.5,252,PPO-Raw
252,21.5,253,PPO-Raw
253,67.5,254,PPO-Raw
254,47.5,255,PPO-Raw
255,15.5,256,PPO-Raw
256,39.5,257,PPO-Raw
257,15.5,258,PPO-Raw
258,33.5,259,PPO-Raw
259,23.5,260,PPO-Raw
260,19.5,261,PPO-Raw
261,45.5,262,PPO-Raw
262,67.5,263,PPO-Raw
263,33.5,264,PPO-Raw
264,33.5,265,PPO-Raw
265,37.5,266,PPO-Raw
266,43.5,267,PPO-Raw
267,29.5,268,PPO-Raw
268,43.5,269,PPO-Raw
269,37.5,270,PPO-Raw
270,59.5,271,PPO-Raw
271,65.5,272,PPO-Raw
272,67.5,273,PPO-Raw
273,31.5,274,PPO-Raw
274,5.5,275,PPO-Raw
275,47.5,276,PPO-Raw
276,25.5,277,PPO-Raw
277,5.5,278,PPO-Raw
278,45.5,279,PPO-Raw
279,47.5,280,PPO-Raw
280,51.5,281,PPO-Raw
281,35.5,282,PPO-Raw
282,59.5,283,PPO-Raw
283,37.5,284,PPO-Raw
284,49.5,285,PPO-Raw
285,27.5,286,PPO-Raw
286,45.5,287,PPO-Raw
287,61.5,288,PPO-Raw
288,69.5,289,PPO-Raw
289,19.5,290,PPO-Raw
290,41.5,291,PPO-Raw
291,31.5,292,PPO-Raw
292,9.5,293,PPO-Raw
293,19.5,294,PPO-Raw
294,55.5,295,PPO-Raw
295,43.5,296,PPO-Raw
296,25.5,297,PPO-Raw
297,49.5,298,PPO-Raw
298,29.5,299,PPO-Raw
299,27.5,300,PPO-Raw
300,31.5,301,PPO-Raw
301,33.5,302,PPO-Raw
302,45.5,303,PPO-Raw
303,45.5,304,PPO-Raw
304,51.5,305,PPO-Raw
305,29.5,306,PPO-Raw
306,13.5,307,PPO-Raw
307,27.5,308,PPO-Raw
308,29.5,309,PPO-Raw
309,53.5,310,PPO-Raw
310,57.5,311,PPO-Raw
311,45.5,312,PPO-Raw
312,43.5,313,PPO-Raw
313,41.5,314,PPO-Raw
314,51.5,315,PPO-Raw
315,41.5,316,PPO-Raw
316,59.5,317,PPO-Raw
317,31.5,318,PPO-Raw
318,61.5,319,PPO-Raw
319,13.5,320,PPO-Raw
320,37.5,321,PPO-Raw
321,47.5,322,PPO-Raw
322,49.5,323,PPO-Raw
323,33.5,324,PPO-Raw
324,23.5,325,PPO-Raw
325,35.5,326,PPO-Raw
326,21.5,327,PPO-Raw
327,35.5,328,PPO-Raw
328,33.5,329,PPO-Raw
329,43.5,330,PPO-Raw
330,41.5,331,PPO-Raw
331,15.5,332,PPO-Raw
332,37.5,333,PPO-Raw
333,79.5,334,PPO-Raw
334,41.5,335,PPO-Raw
335,11.5,336,PPO-Raw
336,29.5,337,PPO-Raw
337,21.5,338,PPO-Raw
338,85.5,339,PPO-Raw
339,41.5,340,PPO-Raw
340,57.5,341,PPO-Raw
341,21.5,342,PPO-Raw
342,41.5,343,PPO-Raw
343,25.5,344,PPO-Raw
344,19.5,345,PPO-Raw
345,21.5,346,PPO-Raw
346,65.5,347,PPO-Raw
347,41.5,348,PPO-Raw
348,43.5,349,PPO-Raw
349,33.5,350,PPO-Raw
350,29.5,351,PPO-Raw
351,27.5,352,PPO-Raw
352,51.5,353,PPO-Raw
353,39.5,354,PPO-Raw
354,37.5,355,PPO-Raw
355,43.5,356,PPO-Raw
356,61.5,357,PPO-Raw
357,59.5,358,PPO-Raw
358,35.5,359,PPO-Raw
359,31.5,360,PPO-Raw
360,29.5,361,PPO-Raw
361,37.5,362,PPO-Raw
362,33.5,363,PPO-Raw
363,23.5,364,PPO-Raw
364,37.5,365,PPO-Raw
365,31.5,366,PPO-Raw
366,37.5,367,PPO-Raw
367,33.5,368,PPO-Raw
368,71.5,369,PPO-Raw
369,23.5,370,PPO-Raw
370,33.5,371,PPO-Raw
371,53.5,372,PPO-Raw
372,35.5,373,PPO-Raw
373,23.5,374,PPO-Raw
374,15.5,375,PPO-Raw
375,33.5,376,PPO-Raw
376,39.5,377,PPO-Raw
377,1.5,378,PPO-Raw
378,45.5,379,PPO-Raw
379,49.5,380,PPO-Raw
380,21.5,381,PPO-Raw
381,43.5,382,PPO-Raw
382,25.5,383,PPO-Raw
383,35.5,384,PPO-Raw
384,33.5,385,PPO-Raw
385,45.5,386,PPO-Raw
386,19.5,387,PPO-Raw
387,31.5,388,PPO-Raw
388,45.5,389,PPO-Raw
389,23.5,390,PPO-Raw
390,45.5,391,PPO-Raw
391,53.5,392,PPO-Raw
392,55.5,393,PPO-Raw
393,23.5,394,PPO-Raw
394,41.5,395,PPO-Raw
395,37.5,396,PPO-Raw
396,53.5,397,PPO-Raw
397,27.5,398,PPO-Raw
398,29.5,399,PPO-Raw
399,39.5,400,PPO-Raw
400,35.5,401,PPO-Raw
401,39.5,402,PPO-Raw
402,45.5,403,PPO-Raw
403,31.5,404,PPO-Raw
404,31.5,405,PPO-Raw
405,43.5,406,PPO-Raw
406,47.5,407,PPO-Raw
407,47.5,408,PPO-Raw
408,41.5,409,PPO-Raw
409,29.5,410,PPO-Raw
410,3.5,411,PPO-Raw
411,37.5,412,PPO-Raw
412,45.5,413,PPO-Raw
413,21.5,414,PPO-Raw
414,27.5,415,PPO-Raw
415,31.5,416,PPO-Raw
416,13.5,417,PPO-Raw
417,21.5,418,PPO-Raw
418,25.5,419,PPO-Raw
419,41.5,420,PPO-Raw
420,33.5,421,PPO-Raw
421,57.5,422,PPO-Raw
422,21.5,423,PPO-Raw
423,37.5,424,PPO-Raw
424,33.5,425,PPO-Raw
425,17.5,426,PPO-Raw
426,59.5,427,PPO-Raw
427,37.5,428,PPO-Raw
428,53.5,429,PPO-Raw
429,49.5,430,PPO-Raw
430,25.5,431,PPO-Raw
431,41.5,432,PPO-Raw
432,31.5,433,PPO-Raw
433,39.5,434,PPO-Raw
434,47.5,435,PPO-Raw
435,51.5,436,PPO-Raw
436,29.5,437,PPO-Raw
437,29.5,438,PPO-Raw
438,37.5,439,PPO-Raw
439,55.5,440,PPO-Raw
440,53.5,441,PPO-Raw
441,53.5,442,PPO-Raw
442,43.5,443,PPO-Raw
443,35.5,444,PPO-Raw
444,27.5,445,PPO-Raw
445,21.5,446,PPO-Raw
446,33.5,447,PPO-Raw
447,57.5,448,PPO-Raw
448,19.5,449,PPO-Raw
449,47.5,450,PPO-Raw
450,33.5,451,PPO-Raw
451,33.5,452,PPO-Raw
452,33.5,453,PPO-Raw
453,45.5,454,PPO-Raw
454,25.5,455,PPO-Raw
455,35.5,456,PPO-Raw
456,45.5,457,PPO-Raw
457,39.5,458,PPO-Raw
458,29.5,459,PPO-Raw
459,51.5,460,PPO-Raw
460,59.5,461,PPO-Raw
461,13.5,462,PPO-Raw
462,53.5,463,PPO-Raw
463,35.5,464,PPO-Raw
464,69.5,465,PPO-Raw
465,27.5,466,PPO-Raw
466,13.5,467,PPO-Raw
467,41.5,468,PPO-Raw
468,47.5,469,PPO-Raw
469,31.5,470,PPO-Raw
470,45.5,471,PPO-Raw
471,27.5,472,PPO-Raw
472,21.5,473,PPO-Raw
473,1.5,474,PPO-Raw
474,41.5,475,PPO-Raw
475,37.5,476,PPO-Raw
476,41.5,477,PPO-Raw
477,37.5,478,PPO-Raw
478,45.5,479,PPO-Raw
479,53.5,480,PPO-Raw
480,53.5,481,PPO-Raw
481,33.5,482,PPO-Raw
482,35.5,483,PPO-Raw
483,41.5,484,PPO-Raw
484,29.5,485,PPO-Raw
485,31.5,486,PPO-Raw
486,61.5,487,PPO-Raw
487,49.5,488,PPO-Raw
488,49.5,489,PPO-Raw
489,61.5,490,PPO-Raw
490,41.5,491,PPO-Raw
491,19.5,492,PPO-Raw
492,47.5,493,PPO-Raw
493,47.5,494,PPO-Raw
494,45.5,495,PPO-Raw
495,45.5,496,PPO-Raw
496,19.5,497,PPO-Raw
497,31.5,498,PPO-Raw
498,23.5,499,PPO-Raw
499,51.5,500,PPO-Raw
500,31.5,501,PPO-Raw
501,33.5,502,PPO-Raw
502,29.5,503,PPO-Raw
503,49.5,504,PPO-Raw
504,35.5,505,PPO-Raw
505,29.5,506,PPO-Raw
506,63.5,507,PPO-Raw
507,33.5,508,PPO-Raw
508,37.5,509,PPO-Raw
509,43.5,510,PPO-Raw
510,53.5,511,PPO-Raw
511,37.5,512,PPO-Raw
512,23.5,513,PPO-Raw
513,49.5,514,PPO-Raw
514,15.5,515,PPO-Raw
515,51.5,516,PPO-Raw
516,37.5,517,PPO-Raw
517,29.5,518,PPO-Raw
518,7.5,519,PPO-Raw
519,67.5,520,PPO-Raw
520,27.5,521,PPO-Raw
521,61.5,522,PPO-Raw
522,49.5,523,PPO-Raw
523,27.5,524,PPO-Raw
524,39.5,525,PPO-Raw
525,35.5,526,PPO-Raw
526,35.5,527,PPO-Raw
527,33.5,528,PPO-Raw
528,63.5,529,PPO-Raw
529,65.5,530,PPO-Raw
530,59.5,531,PPO-Raw
531,35.5,532,PPO-Raw
532,39.5,533,PPO-Raw
533,25.5,534,PPO-Raw
534,43.5,535,PPO-Raw
535,29.5,536,PPO-Raw
536,41.5,537,PPO-Raw
537,35.5,538,PPO-Raw
538,43.5,539,PPO-Raw
539,39.5,540,PPO-Raw
540,39.5,541,PPO-Raw
541,41.5,542,PPO-Raw
542,51.5,543,PPO-Raw
543,61.5,544,PPO-Raw
544,27.5,545,PPO-Raw
545,57.5,546,PPO-Raw
546,43.5,547,PPO-Raw
547,29.5,548,PPO-Raw
548,75.5,549,PPO-Raw
549,29.5,550,PPO-Raw
550,65.5,551,PPO-Raw
551,27.5,552,PPO-Raw
552,33.5,553,PPO-Raw
553,43.5,554,PPO-Raw
554,57.5,555,PPO-Raw
555,51.5,556,PPO-Raw
556,51.5,557,PPO-Raw
557,45.5,558,PPO-Raw
558,37.5,559,PPO-Raw
559,39.5,560,PPO-Raw
560,29.5,561,PPO-Raw
561,35.5,562,PPO-Raw
562,49.5,563,PPO-Raw
563,27.5,564,PPO-Raw
564,21.5,565,PPO-Raw
565,65.5,566,PPO-Raw
566,25.5,567,PPO-Raw
567,61.5,568,PPO-Raw
568,33.5,569,PPO-Raw
569,13.5,570,PPO-Raw
570,45.5,571,PPO-Raw
571,23.5,572,PPO-Raw
572,23.5,573,PPO-Raw
573,17.5,574,PPO-Raw
574,61.5,575,PPO-Raw
575,43.5,576,PPO-Raw
576,51.5,577,PPO-Raw
577,39.5,578,PPO-Raw
578,73.5,579,PPO-Raw
579,53.5,580,PPO-Raw
580,71.5,581,PPO-Raw
581,51.5,582,PPO-Raw
582,15.5,583,PPO-Raw
583,35.5,584,PPO-Raw
584,49.5,585,PPO-Raw
585,45.5,586,PPO-Raw
586,41.5,587,PPO-Raw
587,51.5,588,PPO-Raw
588,51.5,589,PPO-Raw
589,35.5,590,PPO-Raw
590,49.5,591,PPO-Raw
591,45.5,592,PPO-Raw
592,41.5,593,PPO-Raw
593,47.5,594,PPO-Raw
594,51.5,595,PPO-Raw
595,37.5,596,PPO-Raw
596,75.5,597,PPO-Raw
597,39.5,598,PPO-Raw
598,23.5,599,PPO-Raw
599,53.5,600,PPO-Raw
600,49.5,601,PPO-Raw
601,51.5,602,PPO-Raw
602,45.5,603,PPO-Raw
603,57.5,604,PPO-Raw
604,25.5,605,PPO-Raw
605,43.5,606,PPO-Raw
606,59.5,607,PPO-Raw
607,41.5,608,PPO-Raw
608,37.5,609,PPO-Raw
609,43.5,610,PPO-Raw
610,33.5,611,PPO-Raw
611,37.5,612,PPO-Raw
612,43.5,613,PPO-Raw
613,9.5,614,PPO-Raw
614,55.5,615,PPO-Raw
615,49.5,616,PPO-Raw
616,17.5,617,PPO-Raw
617,59.5,618,PPO-Raw
618,25.5,619,PPO-Raw
619,37.5,620,PPO-Raw
620,47.5,621,PPO-Raw
621,55.5,622,PPO-Raw
622,33.5,623,PPO-Raw
623,45.5,624,PPO-Raw
624,41.5,625,PPO-Raw
625,21.5,626,PPO-Raw
626,11.5,627,PPO-Raw
627,41.5,628,PPO-Raw
628,15.5,629,PPO-Raw
629,39.5,630,PPO-Raw
630,61.5,631,PPO-Raw
631,57.5,632,PPO-Raw
632,45.5,633,PPO-Raw
633,37.5,634,PPO-Raw
634,27.5,635,PPO-Raw
635,61.5,636,PPO-Raw
636,21.5,637,PPO-Raw
637,49.5,638,PPO-Raw
638,53.5,639,PPO-Raw
639,27.5,640,PPO-Raw
640,37.5,641,PPO-Raw
641,53.5,642,PPO-Raw
642,31.5,643,PPO-Raw
643,33.5,644,PPO-Raw
644,39.5,645,PPO-Raw
645,41.5,646,PPO-Raw
646,35.5,647,PPO-Raw
647,27.5,648,PPO-Raw
648,89.5,649,PPO-Raw
649,63.5,650,PPO-Raw
650,43.5,651,PPO-Raw
651,29.5,652,PPO-Raw
652,45.5,653,PPO-Raw
653,39.5,654,PPO-Raw
654,47.5,655,PPO-Raw
655,41.5,656,PPO-Raw
656,35.5,657,PPO-Raw
657,37.5,658,PPO-Raw
658,49.5,659,PPO-Raw
659,37.5,660,PPO-Raw
660,55.5,661,PPO-Raw
661,37.5,662,PPO-Raw
662,17.5,663,PPO-Raw
663,59.5,664,PPO-Raw
664,41.5,665,PPO-Raw
665,9.5,666,PPO-Raw
666,77.5,667,PPO-Raw
667,33.5,668,PPO-Raw
668,37.5,669,PPO-Raw
669,27.5,670,PPO-Raw
670,37.5,671,PPO-Raw
671,15.5,672,PPO-Raw
672,39.5,673,PPO-Raw
673,37.5,674,PPO-Raw
674,49.5,675,PPO-Raw
675,51.5,676,PPO-Raw
676,21.5,677,PPO-Raw
677,23.5,678,PPO-Raw
678,59.5,679,PPO-Raw
679,37.5,680,PPO-Raw
680,23.5,681,PPO-Raw
681,57.5,682,PPO-Raw
682,47.5,683,PPO-Raw
683,27.5,684,PPO-Raw
684,49.5,685,PPO-Raw
685,41.5,686,PPO-Raw
686,45.5,687,PPO-Raw
687,31.5,688,PPO-Raw
688,45.5,689,PPO-Raw
689,73.5,690,PPO-Raw
690,31.5,691,PPO-Raw
691,37.5,692,PPO-Raw
692,15.5,693,PPO-Raw
693,39.5,694,PPO-Raw
694,31.5,695,PPO-Raw
695,47.5,696,PPO-Raw
696,41.5,697,PPO-Raw
697,47.5,698,PPO-Raw
698,57.5,699,PPO-Raw
699,41.5,700,PPO-Raw
700,47.5,701,PPO-Raw
701,41.5,702,PPO-Raw
702,29.5,703,PPO-Raw
703,31.5,704,PPO-Raw
704,49.5,705,PPO-Raw
705,57.5,706,PPO-Raw
706,19.5,707,PPO-Raw
707,55.5,708,PPO-Raw
708,49.5,709,PPO-Raw
709,19.5,710,PPO-Raw
710,51.5,711,PPO-Raw
711,35.5,712,PPO-Raw
712,29.5,713,PPO-Raw
713,45.5,714,PPO-Raw
714,53.5,715,PPO-Raw
715,31.5,716,PPO-Raw
716,19.5,717,PPO-Raw
717,41.5,718,PPO-Raw
718,27.5,719,PPO-Raw
719,21.5,720,PPO-Raw
720,27.5,721,PPO-Raw
721,35.5,722,PPO-Raw
722,27.5,723,PPO-Raw
723,41.5,724,PPO-Raw
724,41.5,725,PPO-Raw
725,21.5,726,PPO-Raw
726,15.5,727,PPO-Raw
727,17.5,728,PPO-Raw
728,43.5,729,PPO-Raw
729,65.5,730,PPO-Raw
730,81.5,731,PPO-Raw
731,11.5,732,PPO-Raw
732,51.5,733,PPO-Raw
733,43.5,734,PPO-Raw
734,45.5,735,PPO-Raw
735,41.5,736,PPO-Raw
736,33.5,737,PPO-Raw
737,45.5,738,PPO-Raw
738,39.5,739,PPO-Raw
739,31.5,740,PPO-Raw
740,33.5,741,PPO-Raw
741,45.5,742,PPO-Raw
742,35.5,743,PPO-Raw
743,11.5,744,PPO-Raw
744,37.5,745,PPO-Raw
745,37.5,746,PPO-Raw
746,27.5,747,PPO-Raw
747,39.5,748,PPO-Raw
748,21.5,749,PPO-Raw
749,51.5,750,PPO-Raw
750,29.5,751,PPO-Raw
751,41.5,752,PPO-Raw
752,43.5,753,PPO-Raw
753,27.5,754,PPO-Raw
754,41.5,755,PPO-Raw
755,55.5,756,PPO-Raw
756,49.5,757,PPO-Raw
757,9.5,758,PPO-Raw
758,53.5,759,PPO-Raw
759,37.5,760,PPO-Raw
760,13.5,761,PPO-Raw
761,35.5,762,PPO-Raw
762,45.5,763,PPO-Raw
763,51.5,764,PPO-Raw
764,55.5,765,PPO-Raw
765,33.5,766,PPO-Raw
766,27.5,767,PPO-Raw
767,49.5,768,PPO-Raw
768,33.5,769,PPO-Raw
769,35.5,770,PPO-Raw
770,71.5,771,PPO-Raw
771,17.5,772,PPO-Raw
772,45.5,773,PPO-Raw
773,57.5,774,PPO-Raw
774,31.5,775,PPO-Raw
775,37.5,776,PPO-Raw
776,43.5,777,PPO-Raw
777,21.5,778,PPO-Raw
778,31.5,779,PPO-Raw
779,35.5,780,PPO-Raw
780,63.5,781,PPO-Raw
781,37.5,782,PPO-Raw
782,35.5,783,PPO-Raw
783,25.5,784,PPO-Raw
784,53.5,785,PPO-Raw
785,27.5,786,PPO-Raw
786,9.5,787,PPO-Raw
787,71.5,788,PPO-Raw
788,47.5,789,PPO-Raw
789,43.5,790,PPO-Raw
790,51.5,791,PPO-Raw
791,67.5,792,PPO-Raw
792,59.5,793,PPO-Raw
793,35.5,794,PPO-Raw
794,25.5,795,PPO-Raw
795,41.5,796,PPO-Raw
796,53.5,797,PPO-Raw
797,41.5,798,PPO-Raw
798,57.5,799,PPO-Raw
799,69.5,800,PPO-Raw
800,63.5,801,PPO-Raw
801,37.5,802,PPO-Raw
802,65.5,803,PPO-Raw
803,51.5,804,PPO-Raw
804,49.5,805,PPO-Raw
805,31.5,806,PPO-Raw
806,53.5,807,PPO-Raw
807,61.5,808,PPO-Raw
808,29.5,809,PPO-Raw
809,29.5,810,PPO-Raw
810,49.5,811,PPO-Raw
811,21.5,812,PPO-Raw
812,45.5,813,PPO-Raw
813,51.5,814,PPO-Raw
814,53.5,815,PPO-Raw
815,39.5,816,PPO-Raw
816,55.5,817,PPO-Raw
817,61.5,818,PPO-Raw
818,29.5,819,PPO-Raw
819,31.5,820,PPO-Raw
820,57.5,821,PPO-Raw
821,29.5,822,PPO-Raw
822,49.5,823,PPO-Raw
823,43.5,824,PPO-Raw
824,29.5,825,PPO-Raw
825,73.5,826,PPO-Raw
826,39.5,827,PPO-Raw
827,73.5,828,PPO-Raw
828,33.5,829,PPO-Raw
829,17.5,830,PPO-Raw
830,43.5,831,PPO-Raw
831,55.5,832,PPO-Raw
832,29.5,833,PPO-Raw
833,29.5,834,PPO-Raw
834,23.5,835,PPO-Raw
835,39.5,836,PPO-Raw
836,43.5,837,PPO-Raw
837,25.5,838,PPO-Raw
838,9.5,839,PPO-Raw
839,27.5,840,PPO-Raw
840,53.5,841,PPO-Raw
841,45.5,842,PPO-Raw
842,55.5,843,PPO-Raw
843,49.5,844,PPO-Raw
844,53.5,845,PPO-Raw
845,25.5,846,PPO-Raw
846,57.5,847,PPO-Raw
847,61.5,848,PPO-Raw
848,57.5,849,PPO-Raw
849,63.5,850,PPO-Raw
850,27.5,851,PPO-Raw
851,35.5,852,PPO-Raw
852,35.5,853,PPO-Raw
853,43.5,854,PPO-Raw
854,41.5,855,PPO-Raw
855,25.5,856,PPO-Raw
856,57.5,857,PPO-Raw
857,51.5,858,PPO-Raw
858,11.5,859,PPO-Raw
859,25.5,860,PPO-Raw
860,25.5,861,PPO-Raw
861,15.5,862,PPO-Raw
862,61.5,863,PPO-Raw
863,39.5,864,PPO-Raw
864,75.5,865,PPO-Raw
865,25.5,866,PPO-Raw
866,39.5,867,PPO-Raw
867,29.5,868,PPO-Raw
868,35.5,869,PPO-Raw
869,53.5,870,PPO-Raw
870,33.5,871,PPO-Raw
871,49.5,872,PPO-Raw
872,13.5,873,PPO-Raw
873,31.5,874,PPO-Raw
874,73.5,875,PPO-Raw
875,45.5,876,PPO-Raw
876,47.5,877,PPO-Raw
877,31.5,878,PPO-Raw
878,3.5,879,PPO-Raw
879,57.5,880,PPO-Raw
880,59.5,881,PPO-Raw
881,59.5,882,PPO-Raw
882,49.5,883,PPO-Raw
883,33.5,884,PPO-Raw
884,55.5,885,PPO-Raw
885,23.5,886,PPO-Raw
886,39.5,887,PPO-Raw
887,37.5,888,PPO-Raw
888,33.5,889,PPO-Raw
889,33.5,890,PPO-Raw
890,47.5,891,PPO-Raw
891,83.5,892,PPO-Raw
892,55.5,893,PPO-Raw
893,33.5,894,PPO-Raw
894,31.5,895,PPO-Raw
895,45.5,896,PPO-Raw
896,37.5,897,PPO-Raw
897,65.5,898,PPO-Raw
898,47.5,899,PPO-Raw
899,53.5,900,PPO-Raw
900,47.5,901,PPO-Raw
901,35.5,902,PPO-Raw
902,47.5,903,PPO-Raw
903,43.5,904,PPO-Raw
904,41.5,905,PPO-Raw
905,39.5,906,PPO-Raw
906,15.5,907,PPO-Raw
907,21.5,908,PPO-Raw
908,13.5,909,PPO-Raw
909,51.5,910,PPO-Raw
910,43.5,911,PPO-Raw
911,63.5,912,PPO-Raw
912,31.5,913,PPO-Raw
913,39.5,914,PPO-Raw
914,65.5,915,PPO-Raw
915,63.5,916,PPO-Raw
916,29.5,917,PPO-Raw
917,55.5,918,PPO-Raw
918,27.5,919,PPO-Raw
919,17.5,920,PPO-Raw
920,29.5,921,PPO-Raw
921,27.5,922,PPO-Raw
922,31.5,923,PPO-Raw
923,77.5,924,PPO-Raw
924,19.5,925,PPO-Raw
925,27.5,926,PPO-Raw
926,47.5,927,PPO-Raw
927,71.5,928,PPO-Raw
928,27.5,929,PPO-Raw
929,33.5,930,PPO-Raw
930,47.5,931,PPO-Raw
931,35.5,932,PPO-Raw
932,71.5,933,PPO-Raw
933,59.5,934,PPO-Raw
934,41.5,935,PPO-Raw
935,21.5,936,PPO-Raw
936,57.5,937,PPO-Raw
937,59.5,938,PPO-Raw
938,41.5,939,PPO-Raw
939,43.5,940,PPO-Raw
940,37.5,941,PPO-Raw
941,29.5,942,PPO-Raw
942,41.5,943,PPO-Raw
943,31.5,944,PPO-Raw
944,59.5,945,PPO-Raw
945,57.5,946,PPO-Raw
946,49.5,947,PPO-Raw
947,63.5,948,PPO-Raw
948,47.5,949,PPO-Raw
949,43.5,950,PPO-Raw
950,39.5,951,PPO-Raw
951,13.5,952,PPO-Raw
952,59.5,953,PPO-Raw
953,45.5,954,PPO-Raw
954,39.5,955,PPO-Raw
955,25.5,956,PPO-Raw
956,55.5,957,PPO-Raw
957,35.5,958,PPO-Raw
958,27.5,959,PPO-Raw
959,33.5,960,PPO-Raw
960,45.5,961,PPO-Raw
961,37.5,962,PPO-Raw
962,47.5,963,PPO-Raw
963,45.5,964,PPO-Raw
964,47.5,965,PPO-Raw
965,77.5,966,PPO-Raw
966,45.5,967,PPO-Raw
967,49.5,968,PPO-Raw
968,45.5,969,PPO-Raw
969,65.5,970,PPO-Raw
970,45.5,971,PPO-Raw
971,29.5,972,PPO-Raw
972,33.5,973,PPO-Raw
973,33.5,974,PPO-Raw
974,49.5,975,PPO-Raw
975,51.5,976,PPO-Raw
976,53.5,977,PPO-Raw
977,57.5,978,PPO-Raw
978,63.5,979,PPO-Raw
979,35.5,980,PPO-Raw
980,55.5,981,PPO-Raw
981,33.5,982,PPO-Raw
982,35.5,983,PPO-Raw
983,53.5,984,PPO-Raw
984,5.5,985,PPO-Raw
985,23.5,986,PPO-Raw
986,43.5,987,PPO-Raw
987,59.5,988,PPO-Raw
988,31.5,989,PPO-Raw
989,49.5,990,PPO-Raw
990,27.5,991,PPO-Raw
991,35.5,992,PPO-Raw
992,37.5,993,PPO-Raw
993,25.5,994,PPO-Raw
994,51.5,995,PPO-Raw
995,79.5,996,PPO-Raw
996,31.5,997,PPO-Raw
997,69.5,998,PPO-Raw
998,29.5,999,PPO-Raw
999,53.5,1000,PPO-Raw
1000,-0.5,1,PPO-Smoothed
1001,-0.5,2,PPO-Smoothed
1002,-0.5,3,PPO-Smoothed
1003,-0.5,4,PPO-Smoothed
1004,-0.5,5,PPO-Smoothed
1005,-0.5,6,PPO-Smoothed
1006,-0.3181818181818182,7,PPO-Smoothed
1007,-0.3181818181818182,8,PPO-Smoothed
1008,-0.3181818181818182,9,PPO-Smoothed
1009,-0.13636363636363635,10,PPO-Smoothed
1010,-0.13636363636363635,11,PPO-Smoothed
1011,-0.13636363636363635,12,PPO-Smoothed
1012,0.045454545454545456,13,PPO-Smoothed
1013,0.7727272727272727,14,PPO-Smoothed
1014,1.5,15,PPO-Smoothed
1015,2.590909090909091,16,PPO-Smoothed
1016,3.3181818181818183,17,PPO-Smoothed
1017,4.590909090909091,18,PPO-Smoothed
1018,5.5,19,PPO-Smoothed
1019,6.2272727272727275,20,PPO-Smoothed
1020,6.409090909090909,21,PPO-Smoothed
1021,7.136363636363637,22,PPO-Smoothed
1022,8.954545454545455,23,PPO-Smoothed
1023,8.954545454545455,24,PPO-Smoothed
1024,10.227272727272727,25,PPO-Smoothed
1025,10.227272727272727,26,PPO-Smoothed
1026,11.318181818181818,27,PPO-Smoothed
1027,12.045454545454545,28,PPO-Smoothed
1028,12.954545454545455,29,PPO-Smoothed
1029,14.409090909090908,30,PPO-Smoothed
1030,14.954545454545455,31,PPO-Smoothed
1031,15.318181818181818,32,PPO-Smoothed
1032,16.045454545454547,33,PPO-Smoothed
1033,16.59090909090909,34,PPO-Smoothed
1034,18.40909090909091,35,PPO-Smoothed
1035,18.227272727272727,36,PPO-Smoothed
1036,20.772727272727273,37,PPO-Smoothed
1037,20.227272727272727,38,PPO-Smoothed
1038,20.227272727272727,39,PPO-Smoothed
1039,18.045454545454547,40,PPO-Smoothed
1040,19.318181818181817,41,PPO-Smoothed
1041,19.318181818181817,42,PPO-Smoothed
1042,20.59090909090909,43,PPO-Smoothed
1043,21.863636363636363,44,PPO-Smoothed
1044,22.40909090909091,45,PPO-Smoothed
1045,21.681818181818183,46,PPO-Smoothed
1046,21.681818181818183,47,PPO-Smoothed
1047,19.136363636363637,48,PPO-Smoothed
1048,18.227272727272727,49,PPO-Smoothed
1049,17.863636363636363,50,PPO-Smoothed
1050,19.863636363636363,51,PPO-Smoothed
1051,18.772727272727273,52,PPO-Smoothed
1052,20.40909090909091,53,PPO-Smoothed
1053,20.59090909090909,54,PPO-Smoothed
1054,18.954545454545453,55,PPO-Smoothed
1055,16.59090909090909,56,PPO-Smoothed
1056,17.136363636363637,57,PPO-Smoothed
1057,16.045454545454547,58,PPO-Smoothed
1058,18.772727272727273,59,PPO-Smoothed
1059,19.5,60,PPO-Smoothed
1060,18.59090909090909,61,PPO-Smoothed
1061,18.772727272727273,62,PPO-Smoothed
1062,19.136363636363637,63,PPO-Smoothed
1063,17.681818181818183,64,PPO-Smoothed
1064,17.318181818181817,65,PPO-Smoothed
1065,19.863636363636363,66,PPO-Smoothed
1066,23.863636363636363,67,PPO-Smoothed
1067,24.954545454545453,68,PPO-Smoothed
1068,25.681818181818183,69,PPO-Smoothed
1069,26.045454545454547,70,PPO-Smoothed
1070,26.045454545454547,71,PPO-Smoothed
1071,28.772727272727273,72,PPO-Smoothed
1072,30.045454545454547,73,PPO-Smoothed
1073,28.954545454545453,74,PPO-Smoothed
1074,29.136363636363637,75,PPO-Smoothed
1075,29.318181818181817,76,PPO-Smoothed
1076,29.136363636363637,77,PPO-Smoothed
1077,28.40909090909091,78,PPO-Smoothed
1078,27.863636363636363,79,PPO-Smoothed
1079,29.318181818181817,80,PPO-Smoothed
1080,25.681818181818183,81,PPO-Smoothed
1081,26.772727272727273,82,PPO-Smoothed
1082,25.5,83,PPO-Smoothed
1083,24.954545454545453,84,PPO-Smoothed
1084,26.227272727272727,85,PPO-Smoothed
1085,26.40909090909091,86,PPO-Smoothed
1086,29.681818181818183,87,PPO-Smoothed
1087,30.045454545454547,88,PPO-Smoothed
1088,26.59090909090909,89,PPO-Smoothed
1089,27.318181818181817,90,PPO-Smoothed
1090,26.59090909090909,91,PPO-Smoothed
1091,26.772727272727273,92,PPO-Smoothed
1092,26.40909090909091,93,PPO-Smoothed
1093,28.045454545454547,94,PPO-Smoothed
1094,28.227272727272727,95,PPO-Smoothed
1095,27.681818181818183,96,PPO-Smoothed
1096,30.045454545454547,97,PPO-Smoothed
1097,29.5,98,PPO-Smoothed
1098,28.227272727272727,99,PPO-Smoothed
1099,29.681818181818183,100,PPO-Smoothed
1100,29.681818181818183,101,PPO-Smoothed
1101,30.045454545454547,102,PPO-Smoothed
1102,32.77272727272727,103,PPO-Smoothed
1103,32.59090909090909,104,PPO-Smoothed
1104,30.59090909090909,105,PPO-Smoothed
1105,28.045454545454547,106,PPO-Smoothed
1106,27.681818181818183,107,PPO-Smoothed
1107,28.045454545454547,108,PPO-Smoothed
1108,26.772727272727273,109,PPO-Smoothed
1109,25.863636363636363,110,PPO-Smoothed
1110,26.772727272727273,111,PPO-Smoothed
1111,27.5,112,PPO-Smoothed
1112,29.681818181818183,113,PPO-Smoothed
1113,28.227272727272727,114,PPO-Smoothed
1114,27.5,115,PPO-Smoothed
1115,29.863636363636363,116,PPO-Smoothed
1116,32.22727272727273,117,PPO-Smoothed
1117,33.5,118,PPO-Smoothed
1118,33.5,119,PPO-Smoothed
1119,33.5,120,PPO-Smoothed
1120,34.77272727272727,121,PPO-Smoothed
1121,35.68181818181818,122,PPO-Smoothed
1122,35.5,123,PPO-Smoothed
1123,34.04545454545455,124,PPO-Smoothed
1124,34.95454545454545,125,PPO-Smoothed
1125,34.22727272727273,126,PPO-Smoothed
1126,32.59090909090909,127,PPO-Smoothed
1127,31.318181818181817,128,PPO-Smoothed
1128,32.59090909090909,129,PPO-Smoothed
1129,33.13636363636363,130,PPO-Smoothed
1130,30.59090909090909,131,PPO-Smoothed
1131,29.681818181818183,132,PPO-Smoothed
1132,29.863636363636363,133,PPO-Smoothed
1133,29.681818181818183,134,PPO-Smoothed
1134,28.954545454545453,135,PPO-Smoothed
1135,28.772727272727273,136,PPO-Smoothed
1136,31.681818181818183,137,PPO-Smoothed
1137,30.227272727272727,138,PPO-Smoothed
1138,30.40909090909091,139,PPO-Smoothed
1139,29.5,140,PPO-Smoothed
1140,26.772727272727273,141,PPO-Smoothed
1141,28.954545454545453,142,PPO-Smoothed
1142,29.318181818181817,143,PPO-Smoothed
1143,28.045454545454547,144,PPO-Smoothed
1144,29.136363636363637,145,PPO-Smoothed
1145,29.5,146,PPO-Smoothed
1146,30.59090909090909,147,PPO-Smoothed
1147,28.045454545454547,148,PPO-Smoothed
1148,30.772727272727273,149,PPO-Smoothed
1149,30.40909090909091,150,PPO-Smoothed
1150,29.5,151,PPO-Smoothed
1151,30.40909090909091,152,PPO-Smoothed
1152,31.5,153,PPO-Smoothed
1153,35.31818181818182,154,PPO-Smoothed
1154,36.40909090909091,155,PPO-Smoothed
1155,35.68181818181818,156,PPO-Smoothed
1156,36.95454545454545,157,PPO-Smoothed
1157,38.59090909090909,158,PPO-Smoothed
1158,40.40909090909091,159,PPO-Smoothed
1159,40.04545454545455,160,PPO-Smoothed
1160,43.68181818181818,161,PPO-Smoothed
1161,46.22727272727273,162,PPO-Smoothed
1162,43.13636363636363,163,PPO-Smoothed
1163,45.13636363636363,164,PPO-Smoothed
1164,42.77272727272727,165,PPO-Smoothed
1165,42.04545454545455,166,PPO-Smoothed
1166,43.5,167,PPO-Smoothed
1167,43.31818181818182,168,PPO-Smoothed
1168,41.86363636363637,169,PPO-Smoothed
1169,40.59090909090909,170,PPO-Smoothed
1170,42.22727272727273,171,PPO-Smoothed
1171,37.86363636363637,172,PPO-Smoothed
1172,35.13636363636363,173,PPO-Smoothed
1173,37.31818181818182,174,PPO-Smoothed
1174,31.863636363636363,175,PPO-Smoothed
1175,31.136363636363637,176,PPO-Smoothed
1176,29.863636363636363,177,PPO-Smoothed
1177,26.954545454545453,178,PPO-Smoothed
1178,27.318181818181817,179,PPO-Smoothed
1179,27.318181818181817,180,PPO-Smoothed
1180,28.772727272727273,181,PPO-Smoothed
1181,29.136363636363637,182,PPO-Smoothed
1182,30.227272727272727,183,PPO-Smoothed
1183,31.863636363636363,184,PPO-Smoothed
1184,32.95454545454545,185,PPO-Smoothed
1185,35.5,186,PPO-Smoothed
1186,37.13636363636363,187,PPO-Smoothed
1187,38.59090909090909,188,PPO-Smoothed
1188,38.77272727272727,189,PPO-Smoothed
1189,36.40909090909091,190,PPO-Smoothed
1190,37.31818181818182,191,PPO-Smoothed
1191,37.31818181818182,192,PPO-Smoothed
1192,37.31818181818182,193,PPO-Smoothed
1193,38.59090909090909,194,PPO-Smoothed
1194,38.04545454545455,195,PPO-Smoothed
1195,40.22727272727273,196,PPO-Smoothed
1196,39.86363636363637,197,PPO-Smoothed
1197,38.40909090909091,198,PPO-Smoothed
1198,39.5,199,PPO-Smoothed
1199,38.59090909090909,200,PPO-Smoothed
1200,39.86363636363637,201,PPO-Smoothed
1201,38.95454545454545,202,PPO-Smoothed
1202,39.13636363636363,203,PPO-Smoothed
1203,37.68181818181818,204,PPO-Smoothed
1204,38.77272727272727,205,PPO-Smoothed
1205,38.22727272727273,206,PPO-Smoothed
1206,37.5,207,PPO-Smoothed
1207,39.13636363636363,208,PPO-Smoothed
1208,38.22727272727273,209,PPO-Smoothed
1209,39.13636363636363,210,PPO-Smoothed
1210,42.22727272727273,211,PPO-Smoothed
1211,41.31818181818182,212,PPO-Smoothed
1212,40.04545454545455,213,PPO-Smoothed
1213,39.68181818181818,214,PPO-Smoothed
1214,37.5,215,PPO-Smoothed
1215,35.5,216,PPO-Smoothed
1216,36.77272727272727,217,PPO-Smoothed
1217,37.13636363636363,218,PPO-Smoothed
1218,35.31818181818182,219,PPO-Smoothed
1219,37.86363636363637,220,PPO-Smoothed
1220,37.31818181818182,221,PPO-Smoothed
1221,36.22727272727273,222,PPO-Smoothed
1222,38.04545454545455,223,PPO-Smoothed
1223,38.95454545454545,224,PPO-Smoothed
1224,38.95454545454545,225,PPO-Smoothed
1225,39.5,226,PPO-Smoothed
1226,38.77272727272727,227,PPO-Smoothed
1227,40.77272727272727,228,PPO-Smoothed
1228,39.5,229,PPO-Smoothed
1229,39.31818181818182,230,PPO-Smoothed
1230,36.95454545454545,231,PPO-Smoothed
1231,35.68181818181818,232,PPO-Smoothed
1232,34.22727272727273,233,PPO-Smoothed
1233,31.863636363636363,234,PPO-Smoothed
1234,33.31818181818182,235,PPO-Smoothed
1235,32.22727272727273,236,PPO-Smoothed
1236,33.13636363636363,237,PPO-Smoothed
1237,35.31818181818182,238,PPO-Smoothed
1238,32.95454545454545,239,PPO-Smoothed
1239,32.95454545454545,240,PPO-Smoothed
1240,33.68181818181818,241,PPO-Smoothed
1241,33.68181818181818,242,PPO-Smoothed
1242,32.77272727272727,243,PPO-Smoothed
1243,34.22727272727273,244,PPO-Smoothed
1244,36.40909090909091,245,PPO-Smoothed
1245,32.95454545454545,246,PPO-Smoothed
1246,34.22727272727273,247,PPO-Smoothed
1247,33.5,248,PPO-Smoothed
1248,35.86363636363637,249,PPO-Smoothed
1249,36.04545454545455,250,PPO-Smoothed
1250,33.5,251,PPO-Smoothed
1251,33.86363636363637,252,PPO-Smoothed
1252,32.77272727272727,253,PPO-Smoothed
1253,33.5,254,PPO-Smoothed
1254,32.04545454545455,255,PPO-Smoothed
1255,29.863636363636363,256,PPO-Smoothed
1256,32.77272727272727,257,PPO-Smoothed
1257,36.04545454545455,258,PPO-Smoothed
1258,37.13636363636363,259,PPO-Smoothed
1259,34.04545454545455,260,PPO-Smoothed
1260,33.13636363636363,261,PPO-Smoothed
1261,35.68181818181818,262,PPO-Smoothed
1262,34.77272727272727,263,PPO-Smoothed
1263,37.31818181818182,264,PPO-Smoothed
1264,37.68181818181818,265,PPO-Smoothed
1265,40.95454545454545,266,PPO-Smoothed
1266,45.13636363636363,267,PPO-Smoothed
1267,47.13636363636363,268,PPO-Smoothed
1268,43.86363636363637,269,PPO-Smoothed
1269,41.31818181818182,270,PPO-Smoothed
1270,42.59090909090909,271,PPO-Smoothed
1271,41.5,272,PPO-Smoothed
1272,38.04545454545455,273,PPO-Smoothed
1273,39.5,274,PPO-Smoothed
1274,39.86363636363637,275,PPO-Smoothed
1275,41.13636363636363,276,PPO-Smoothed
1276,38.95454545454545,277,PPO-Smoothed
1277,38.40909090909091,278,PPO-Smoothed
1278,35.68181818181818,279,PPO-Smoothed
1279,37.31818181818182,280,PPO-Smoothed
1280,39.31818181818182,281,PPO-Smoothed
1281,39.13636363636363,282,PPO-Smoothed
1282,42.40909090909091,283,PPO-Smoothed
1283,48.22727272727273,284,PPO-Smoothed
1284,45.86363636363637,285,PPO-Smoothed
1285,45.31818181818182,286,PPO-Smoothed
1286,43.5,287,PPO-Smoothed
1287,41.13636363636363,288,PPO-Smoothed
1288,37.5,289,PPO-Smoothed
1289,39.13636363636363,290,PPO-Smoothed
1290,38.59090909090909,291,PPO-Smoothed
1291,38.40909090909091,292,PPO-Smoothed
1292,38.77272727272727,293,PPO-Smoothed
1293,35.86363636363637,294,PPO-Smoothed
1294,32.04545454545455,295,PPO-Smoothed
1295,33.13636363636363,296,PPO-Smoothed
1296,32.40909090909091,297,PPO-Smoothed
1297,33.68181818181818,298,PPO-Smoothed
1298,36.95454545454545,299,PPO-Smoothed
1299,39.86363636363637,300,PPO-Smoothed
1300,37.5,301,PPO-Smoothed
1301,34.77272727272727,302,PPO-Smoothed
1302,34.95454545454545,303,PPO-Smoothed
1303,33.13636363636363,304,PPO-Smoothed
1304,35.31818181818182,305,PPO-Smoothed
1305,38.04545454545455,306,PPO-Smoothed
1306,39.31818181818182,307,PPO-Smoothed
1307,40.22727272727273,308,PPO-Smoothed
1308,39.86363636363637,309,PPO-Smoothed
1309,40.40909090909091,310,PPO-Smoothed
1310,39.5,311,PPO-Smoothed
1311,42.22727272727273,312,PPO-Smoothed
1312,43.86363636363637,313,PPO-Smoothed
1313,46.95454545454545,314,PPO-Smoothed
1314,45.5,315,PPO-Smoothed
1315,44.04545454545455,316,PPO-Smoothed
1316,43.13636363636363,317,PPO-Smoothed
1317,43.5,318,PPO-Smoothed
1318,42.59090909090909,319,PPO-Smoothed
1319,40.95454545454545,320,PPO-Smoothed
1320,39.5,321,PPO-Smoothed
1321,37.68181818181818,322,PPO-Smoothed
1322,35.5,323,PPO-Smoothed
1323,35.68181818181818,324,PPO-Smoothed
1324,34.04545454545455,325,PPO-Smoothed
1325,36.59090909090909,326,PPO-Smoothed
1326,34.59090909090909,327,PPO-Smoothed
1327,33.68181818181818,328,PPO-Smoothed
1328,36.40909090909091,329,PPO-Smoothed
1329,37.13636363636363,330,PPO-Smoothed
1330,36.04545454545455,331,PPO-Smoothed
1331,35.5,332,PPO-Smoothed
1332,35.5,333,PPO-Smoothed
1333,40.04545454545455,334,PPO-Smoothed
1334,40.77272727272727,335,PPO-Smoothed
1335,42.04545454545455,336,PPO-Smoothed
1336,40.22727272727273,337,PPO-Smoothed
1337,42.59090909090909,338,PPO-Smoothed
1338,41.5,339,PPO-Smoothed
1339,36.04545454545455,340,PPO-Smoothed
1340,34.22727272727273,341,PPO-Smoothed
1341,39.13636363636363,342,PPO-Smoothed
1342,40.22727272727273,343,PPO-Smoothed
1343,42.22727272727273,344,PPO-Smoothed
1344,37.5,345,PPO-Smoothed
1345,36.40909090909091,346,PPO-Smoothed
1346,33.68181818181818,347,PPO-Smoothed
1347,36.40909090909091,348,PPO-Smoothed
1348,36.22727272727273,349,PPO-Smoothed
1349,37.31818181818182,350,PPO-Smoothed
1350,39.5,351,PPO-Smoothed
1351,43.13636363636363,352,PPO-Smoothed
1352,42.59090909090909,353,PPO-Smoothed
1353,42.04545454545455,354,PPO-Smoothed
1354,40.95454545454545,355,PPO-Smoothed
1355,40.59090909090909,356,PPO-Smoothed
1356,41.31818181818182,357,PPO-Smoothed
1357,41.86363636363637,358,PPO-Smoothed
1358,39.31818181818182,359,PPO-Smoothed
1359,39.13636363636363,360,PPO-Smoothed
1360,38.59090909090909,361,PPO-Smoothed
1361,38.04545454545455,362,PPO-Smoothed
1362,35.5,363,PPO-Smoothed
1363,36.59090909090909,364,PPO-Smoothed
1364,35.5,365,PPO-Smoothed
1365,35.68181818181818,366,PPO-Smoothed
1366,37.86363636363637,367,PPO-Smoothed
1367,37.68181818181818,368,PPO-Smoothed
1368,36.77272727272727,369,PPO-Smoothed
1369,36.04545454545455,370,PPO-Smoothed
1370,35.68181818181818,371,PPO-Smoothed
1371,36.40909090909091,372,PPO-Smoothed
1372,33.13636363636363,373,PPO-Smoothed
1373,34.22727272727273,374,PPO-Smoothed
1374,32.22727272727273,375,PPO-Smoothed
1375,32.04545454545455,376,PPO-Smoothed
1376,32.95454545454545,377,PPO-Smoothed
1377,30.40909090909091,378,PPO-Smoothed
1378,30.40909090909091,379,PPO-Smoothed
1379,31.318181818181817,380,PPO-Smoothed
1380,34.04545454545455,381,PPO-Smoothed
1381,32.77272727272727,382,PPO-Smoothed
1382,32.04545454545455,383,PPO-Smoothed
1383,36.04545454545455,384,PPO-Smoothed
1384,34.04545454545455,385,PPO-Smoothed
1385,33.68181818181818,386,PPO-Smoothed
1386,36.59090909090909,387,PPO-Smoothed
1387,37.68181818181818,388,PPO-Smoothed
1388,37.5,389,PPO-Smoothed
1389,38.04545454545455,390,PPO-Smoothed
1390,38.40909090909091,391,PPO-Smoothed
1391,39.13636363636363,392,PPO-Smoothed
1392,39.86363636363637,393,PPO-Smoothed
1393,39.68181818181818,394,PPO-Smoothed
1394,39.13636363636363,395,PPO-Smoothed
1395,40.22727272727273,396,PPO-Smoothed
1396,39.68181818181818,397,PPO-Smoothed
1397,38.95454545454545,398,PPO-Smoothed
1398,36.77272727272727,399,PPO-Smoothed
1399,37.5,400,PPO-Smoothed
1400,37.68181818181818,401,PPO-Smoothed
1401,38.59090909090909,402,PPO-Smoothed
1402,38.04545454545455,403,PPO-Smoothed
1403,39.31818181818182,404,PPO-Smoothed
1404,39.31818181818182,405,PPO-Smoothed
1405,36.04545454545455,406,PPO-Smoothed
1406,36.22727272727273,407,PPO-Smoothed
1407,36.77272727272727,408,PPO-Smoothed
1408,34.59090909090909,409,PPO-Smoothed
1409,34.22727272727273,410,PPO-Smoothed
1410,34.22727272727273,411,PPO-Smoothed
1411,31.5,412,PPO-Smoothed
1412,29.136363636363637,413,PPO-Smoothed
1413,27.136363636363637,414,PPO-Smoothed
1414,27.136363636363637,415,PPO-Smoothed
1415,27.5,416,PPO-Smoothed
1416,32.40909090909091,417,PPO-Smoothed
1417,30.954545454545453,418,PPO-Smoothed
1418,30.227272727272727,419,PPO-Smoothed
1419,31.318181818181817,420,PPO-Smoothed
1420,30.40909090909091,421,PPO-Smoothed
1421,32.95454545454545,422,PPO-Smoothed
1422,35.13636363636363,423,PPO-Smoothed
1423,38.04545454545455,424,PPO-Smoothed
1424,40.22727272727273,425,PPO-Smoothed
1425,38.77272727272727,426,PPO-Smoothed
1426,39.5,427,PPO-Smoothed
1427,37.13636363636363,428,PPO-Smoothed
1428,38.77272727272727,429,PPO-Smoothed
1429,39.68181818181818,430,PPO-Smoothed
1430,41.31818181818182,431,PPO-Smoothed
1431,42.40909090909091,432,PPO-Smoothed
1432,39.68181818181818,433,PPO-Smoothed
1433,39.68181818181818,434,PPO-Smoothed
1434,39.86363636363637,435,PPO-Smoothed
1435,40.22727272727273,436,PPO-Smoothed
1436,42.77272727272727,437,PPO-Smoothed
1437,42.95454545454545,438,PPO-Smoothed
1438,43.31818181818182,439,PPO-Smoothed
1439,42.22727272727273,440,PPO-Smoothed
1440,39.86363636363637,441,PPO-Smoothed
1441,38.22727272727273,442,PPO-Smoothed
1442,40.77272727272727,443,PPO-Smoothed
1443,39.86363636363637,444,PPO-Smoothed
1444,40.77272727272727,445,PPO-Smoothed
1445,38.77272727272727,446,PPO-Smoothed
1446,36.95454545454545,447,PPO-Smoothed
1447,35.13636363636363,448,PPO-Smoothed
1448,35.31818181818182,449,PPO-Smoothed
1449,34.40909090909091,450,PPO-Smoothed
1450,35.13636363636363,451,PPO-Smoothed
1451,37.31818181818182,452,PPO-Smoothed
1452,37.86363636363637,453,PPO-Smoothed
1453,35.31818181818182,454,PPO-Smoothed
1454,38.22727272727273,455,PPO-Smoothed
1455,39.31818181818182,456,PPO-Smoothed
1456,37.5,457,PPO-Smoothed
1457,39.31818181818182,458,PPO-Smoothed
1458,39.5,459,PPO-Smoothed
1459,41.68181818181818,460,PPO-Smoothed
1460,41.86363636363637,461,PPO-Smoothed
1461,39.86363636363637,462,PPO-Smoothed
1462,39.5,463,PPO-Smoothed
1463,40.22727272727273,464,PPO-Smoothed
1464,40.40909090909091,465,PPO-Smoothed
1465,39.86363636363637,466,PPO-Smoothed
1466,36.95454545454545,467,PPO-Smoothed
1467,37.68181818181818,468,PPO-Smoothed
1468,32.95454545454545,469,PPO-Smoothed
1469,33.5,470,PPO-Smoothed
1470,30.59090909090909,471,PPO-Smoothed
1471,31.863636363636363,472,PPO-Smoothed
1472,34.04545454545455,473,PPO-Smoothed
1473,34.40909090909091,474,PPO-Smoothed
1474,34.95454545454545,475,PPO-Smoothed
1475,36.95454545454545,476,PPO-Smoothed
1476,35.86363636363637,477,PPO-Smoothed
1477,36.59090909090909,478,PPO-Smoothed
1478,38.40909090909091,479,PPO-Smoothed
1479,40.95454545454545,480,PPO-Smoothed
1480,40.04545454545455,481,PPO-Smoothed
1481,42.22727272727273,482,PPO-Smoothed
1482,42.95454545454545,483,PPO-Smoothed
1483,44.04545454545455,484,PPO-Smoothed
1484,45.5,485,PPO-Smoothed
1485,44.40909090909091,486,PPO-Smoothed
1486,41.31818181818182,487,PPO-Smoothed
1487,42.59090909090909,488,PPO-Smoothed
1488,43.68181818181818,489,PPO-Smoothed
1489,44.04545454545455,490,PPO-Smoothed
1490,45.5,491,PPO-Smoothed
1491,44.40909090909091,492,PPO-Smoothed
1492,41.68181818181818,493,PPO-Smoothed
1493,39.31818181818182,494,PPO-Smoothed
1494,39.5,495,PPO-Smoothed
1495,36.77272727272727,496,PPO-Smoothed
1496,36.04545454545455,497,PPO-Smoothed
1497,36.95454545454545,498,PPO-Smoothed
1498,37.13636363636363,499,PPO-Smoothed
1499,36.04545454545455,500,PPO-Smoothed
1500,34.59090909090909,501,PPO-Smoothed
1501,36.22727272727273,502,PPO-Smoothed
1502,37.5,503,PPO-Smoothed
1503,38.04545454545455,504,PPO-Smoothed
1504,39.86363636363637,505,PPO-Smoothed
1505,40.04545454545455,506,PPO-Smoothed
1506,40.59090909090909,507,PPO-Smoothed
1507,39.68181818181818,508,PPO-Smoothed
1508,41.5,509,PPO-Smoothed
1509,38.40909090909091,510,PPO-Smoothed
1510,39.86363636363637,511,PPO-Smoothed
1511,40.59090909090909,512,PPO-Smoothed
1512,37.5,513,PPO-Smoothed
1513,35.13636363636363,514,PPO-Smoothed
1514,37.86363636363637,515,PPO-Smoothed
1515,36.40909090909091,516,PPO-Smoothed
1516,37.13636363636363,517,PPO-Smoothed
1517,38.22727272727273,518,PPO-Smoothed
1518,38.59090909090909,519,PPO-Smoothed
1519,37.68181818181818,520,PPO-Smoothed
1520,39.5,521,PPO-Smoothed
1521,38.04545454545455,522,PPO-Smoothed
1522,37.68181818181818,523,PPO-Smoothed
1523,40.77272727272727,524,PPO-Smoothed
1524,46.04545454545455,525,PPO-Smoothed
1525,45.31818181818182,526,PPO-Smoothed
1526,46.04545454545455,527,PPO-Smoothed
1527,44.04545454545455,528,PPO-Smoothed
1528,41.86363636363637,529,PPO-Smoothed
1529,43.31818181818182,530,PPO-Smoothed
1530,42.40909090909091,531,PPO-Smoothed
1531,42.95454545454545,532,PPO-Smoothed
1532,42.95454545454545,533,PPO-Smoothed
1533,43.86363636363637,534,PPO-Smoothed
1534,41.68181818181818,535,PPO-Smoothed
1535,39.31818181818182,536,PPO-Smoothed
1536,37.68181818181818,537,PPO-Smoothed
1537,39.13636363636363,538,PPO-Smoothed
1538,41.13636363636363,539,PPO-Smoothed
1539,41.31818181818182,540,PPO-Smoothed
1540,42.59090909090909,541,PPO-Smoothed
1541,43.86363636363637,542,PPO-Smoothed
1542,42.77272727272727,543,PPO-Smoothed
1543,46.40909090909091,544,PPO-Smoothed
1544,45.13636363636363,545,PPO-Smoothed
1545,47.5,546,PPO-Smoothed
1546,46.40909090909091,547,PPO-Smoothed
1547,45.68181818181818,548,PPO-Smoothed
1548,44.95454545454545,549,PPO-Smoothed
1549,44.59090909090909,550,PPO-Smoothed
1550,46.77272727272727,551,PPO-Smoothed
1551,46.22727272727273,552,PPO-Smoothed
1552,46.40909090909091,553,PPO-Smoothed
1553,47.13636363636363,554,PPO-Smoothed
1554,43.86363636363637,555,PPO-Smoothed
1555,43.86363636363637,556,PPO-Smoothed
1556,41.13636363636363,557,PPO-Smoothed
1557,43.13636363636363,558,PPO-Smoothed
1558,42.59090909090909,559,PPO-Smoothed
1559,40.59090909090909,560,PPO-Smoothed
1560,41.31818181818182,561,PPO-Smoothed
1561,38.95454545454545,562,PPO-Smoothed
1562,39.86363636363637,563,PPO-Smoothed
1563,38.77272727272727,564,PPO-Smoothed
1564,36.59090909090909,565,PPO-Smoothed
1565,37.13636363636363,566,PPO-Smoothed
1566,36.59090909090909,567,PPO-Smoothed
1567,35.5,568,PPO-Smoothed
1568,32.59090909090909,569,PPO-Smoothed
1569,35.68181818181818,570,PPO-Smoothed
1570,37.68181818181818,571,PPO-Smoothed
1571,36.40909090909091,572,PPO-Smoothed
1572,37.68181818181818,573,PPO-Smoothed
1573,38.77272727272727,574,PPO-Smoothed
1574,40.59090909090909,575,PPO-Smoothed
1575,45.86363636363637,576,PPO-Smoothed
1576,46.40909090909091,577,PPO-Smoothed
1577,45.68181818181818,578,PPO-Smoothed
1578,46.77272727272727,579,PPO-Smoothed
1579,49.68181818181818,580,PPO-Smoothed
1580,48.22727272727273,581,PPO-Smoothed
1581,48.04545454545455,582,PPO-Smoothed
1582,48.04545454545455,583,PPO-Smoothed
1583,49.13636363636363,584,PPO-Smoothed
1584,45.68181818181818,585,PPO-Smoothed
1585,45.31818181818182,586,PPO-Smoothed
1586,42.95454545454545,587,PPO-Smoothed
1587,42.04545454545455,588,PPO-Smoothed
1588,44.95454545454545,589,PPO-Smoothed
1589,46.40909090909091,590,PPO-Smoothed
1590,45.31818181818182,591,PPO-Smoothed
1591,48.04545454545455,592,PPO-Smoothed
1592,47.86363636363637,593,PPO-Smoothed
1593,45.31818181818182,594,PPO-Smoothed
1594,45.5,595,PPO-Smoothed
1595,46.77272727272727,596,PPO-Smoothed
1596,46.95454545454545,597,PPO-Smoothed
1597,46.95454545454545,598,PPO-Smoothed
1598,48.40909090909091,599,PPO-Smoothed
1599,46.40909090909091,600,PPO-Smoothed
1600,45.68181818181818,601,PPO-Smoothed
1601,47.68181818181818,602,PPO-Smoothed
1602,44.59090909090909,603,PPO-Smoothed
1603,44.40909090909091,604,PPO-Smoothed
1604,46.22727272727273,605,PPO-Smoothed
1605,44.40909090909091,606,PPO-Smoothed
1606,43.31818181818182,607,PPO-Smoothed
1607,42.59090909090909,608,PPO-Smoothed
1608,39.31818181818182,609,PPO-Smoothed
1609,39.13636363636363,610,PPO-Smoothed
1610,41.31818181818182,611,PPO-Smoothed
1611,38.95454545454545,612,PPO-Smoothed
1612,38.95454545454545,613,PPO-Smoothed
1613,37.5,614,PPO-Smoothed
1614,37.5,615,PPO-Smoothed
1615,37.86363636363637,616,PPO-Smoothed
1616,39.86363636363637,617,PPO-Smoothed
1617,39.5,618,PPO-Smoothed
1618,39.68181818181818,619,PPO-Smoothed
1619,42.59090909090909,620,PPO-Smoothed
1620,39.5,621,PPO-Smoothed
1621,36.04545454545455,622,PPO-Smoothed
1622,38.22727272727273,623,PPO-Smoothed
1623,34.22727272727273,624,PPO-Smoothed
1624,35.5,625,PPO-Smoothed
1625,37.68181818181818,626,PPO-Smoothed
1626,38.59090909090909,627,PPO-Smoothed
1627,37.68181818181818,628,PPO-Smoothed
1628,38.04545454545455,629,PPO-Smoothed
1629,36.40909090909091,630,PPO-Smoothed
1630,38.22727272727273,631,PPO-Smoothed
1631,38.22727272727273,632,PPO-Smoothed
1632,41.68181818181818,633,PPO-Smoothed
1633,42.77272727272727,634,PPO-Smoothed
1634,43.86363636363637,635,PPO-Smoothed
1635,43.68181818181818,636,PPO-Smoothed
1636,42.95454545454545,637,PPO-Smoothed
1637,40.59090909090909,638,PPO-Smoothed
1638,39.5,639,PPO-Smoothed
1639,39.68181818181818,640,PPO-Smoothed
1640,40.95454545454545,641,PPO-Smoothed
1641,38.59090909090909,642,PPO-Smoothed
1642,39.13636363636363,643,PPO-Smoothed
1643,42.77272727272727,644,PPO-Smoothed
1644,43.68181818181818,645,PPO-Smoothed
1645,45.13636363636363,646,PPO-Smoothed
1646,44.40909090909091,647,PPO-Smoothed
1647,43.68181818181818,648,PPO-Smoothed
1648,44.40909090909091,649,PPO-Smoothed
1649,45.68181818181818,650,PPO-Smoothed
1650,45.86363636363637,651,PPO-Smoothed
1651,45.31818181818182,652,PPO-Smoothed
1652,45.5,653,PPO-Smoothed
1653,47.5,654,PPO-Smoothed
1654,42.77272727272727,655,PPO-Smoothed
1655,42.04545454545455,656,PPO-Smoothed
1656,41.5,657,PPO-Smoothed
1657,40.40909090909091,658,PPO-Smoothed
1658,41.68181818181818,659,PPO-Smoothed
1659,41.86363636363637,660,PPO-Smoothed
1660,38.40909090909091,661,PPO-Smoothed
1661,41.68181818181818,662,PPO-Smoothed
1662,41.5,663,PPO-Smoothed
1663,41.5,664,PPO-Smoothed
1664,39.5,665,PPO-Smoothed
1665,39.5,666,PPO-Smoothed
1666,35.86363636363637,667,PPO-Smoothed
1667,36.04545454545455,668,PPO-Smoothed
1668,37.86363636363637,669,PPO-Smoothed
1669,36.95454545454545,670,PPO-Smoothed
1670,37.86363636363637,671,PPO-Smoothed
1671,38.95454545454545,672,PPO-Smoothed
1672,34.04545454545455,673,PPO-Smoothed
1673,36.40909090909091,674,PPO-Smoothed
1674,36.40909090909091,675,PPO-Smoothed
1675,36.04545454545455,676,PPO-Smoothed
1676,37.86363636363637,677,PPO-Smoothed
1677,40.77272727272727,678,PPO-Smoothed
1678,39.68181818181818,679,PPO-Smoothed
1679,40.77272727272727,680,PPO-Smoothed
1680,40.04545454545455,681,PPO-Smoothed
1681,39.5,682,PPO-Smoothed
1682,40.40909090909091,683,PPO-Smoothed
1683,42.40909090909091,684,PPO-Smoothed
1684,43.68181818181818,685,PPO-Smoothed
1685,43.13636363636363,686,PPO-Smoothed
1686,44.40909090909091,687,PPO-Smoothed
1687,40.59090909090909,688,PPO-Smoothed
1688,39.86363636363637,689,PPO-Smoothed
1689,40.22727272727273,690,PPO-Smoothed
1690,40.04545454545455,691,PPO-Smoothed
1691,40.04545454545455,692,PPO-Smoothed
1692,40.22727272727273,693,PPO-Smoothed
1693,42.59090909090909,694,PPO-Smoothed
1694,42.22727272727273,695,PPO-Smoothed
1695,39.86363636363637,696,PPO-Smoothed
1696,40.77272727272727,697,PPO-Smoothed
1697,40.04545454545455,698,PPO-Smoothed
1698,41.5,699,PPO-Smoothed
1699,42.40909090909091,700,PPO-Smoothed
1700,44.77272727272727,701,PPO-Smoothed
1701,42.22727272727273,702,PPO-Smoothed
1702,43.5,703,PPO-Smoothed
1703,43.68181818181818,704,PPO-Smoothed
1704,40.22727272727273,705,PPO-Smoothed
1705,41.13636363636363,706,PPO-Smoothed
1706,40.04545454545455,707,PPO-Smoothed
1707,38.95454545454545,708,PPO-Smoothed
1708,40.40909090909091,709,PPO-Smoothed
1709,42.40909090909091,710,PPO-Smoothed
1710,40.77272727272727,711,PPO-Smoothed
1711,37.31818181818182,712,PPO-Smoothed
1712,39.31818181818182,713,PPO-Smoothed
1713,36.77272727272727,714,PPO-Smoothed
1714,34.22727272727273,715,PPO-Smoothed
1715,34.95454545454545,716,PPO-Smoothed
1716,33.5,717,PPO-Smoothed
1717,32.77272727272727,718,PPO-Smoothed
1718,33.86363636363637,719,PPO-Smoothed
1719,33.5,720,PPO-Smoothed
1720,30.59090909090909,721,PPO-Smoothed
1721,29.136363636363637,722,PPO-Smoothed
1722,28.954545454545453,723,PPO-Smoothed
1723,29.136363636363637,724,PPO-Smoothed
1724,32.59090909090909,725,PPO-Smoothed
1725,38.04545454545455,726,PPO-Smoothed
1726,36.59090909090909,727,PPO-Smoothed
1727,38.04545454545455,728,PPO-Smoothed
1728,39.5,729,PPO-Smoothed
1729,39.86363636363637,730,PPO-Smoothed
1730,39.86363636363637,731,PPO-Smoothed
1731,40.95454545454545,732,PPO-Smoothed
1732,43.68181818181818,733,PPO-Smoothed
1733,45.68181818181818,734,PPO-Smoothed
1734,44.59090909090909,735,PPO-Smoothed
1735,41.68181818181818,736,PPO-Smoothed
1736,38.40909090909091,737,PPO-Smoothed
1737,40.59090909090909,738,PPO-Smoothed
1738,36.95454545454545,739,PPO-Smoothed
1739,36.40909090909091,740,PPO-Smoothed
1740,35.68181818181818,741,PPO-Smoothed
1741,34.40909090909091,742,PPO-Smoothed
1742,34.95454545454545,743,PPO-Smoothed
1743,32.77272727272727,744,PPO-Smoothed
1744,33.86363636363637,745,PPO-Smoothed
1745,33.68181818181818,746,PPO-Smoothed
1746,34.40909090909091,747,PPO-Smoothed
1747,34.22727272727273,748,PPO-Smoothed
1748,33.5,749,PPO-Smoothed
1749,36.22727272727273,750,PPO-Smoothed
1750,37.86363636363637,751,PPO-Smoothed
1751,38.95454545454545,752,PPO-Smoothed
1752,37.31818181818182,753,PPO-Smoothed
1753,38.59090909090909,754,PPO-Smoothed
1754,40.04545454545455,755,PPO-Smoothed
1755,36.59090909090909,756,PPO-Smoothed
1756,37.13636363636363,757,PPO-Smoothed
1757,37.5,758,PPO-Smoothed
1758,38.22727272727273,759,PPO-Smoothed
1759,40.77272727272727,760,PPO-Smoothed
1760,40.04545454545455,761,PPO-Smoothed
1761,37.5,762,PPO-Smoothed
1762,37.5,763,PPO-Smoothed
1763,39.68181818181818,764,PPO-Smoothed
1764,38.04545454545455,765,PPO-Smoothed
1765,41.13636363636363,766,PPO-Smoothed
1766,41.5,767,PPO-Smoothed
1767,42.40909090909091,768,PPO-Smoothed
1768,43.5,769,PPO-Smoothed
1769,41.68181818181818,770,PPO-Smoothed
1770,40.04545454545455,771,PPO-Smoothed
1771,40.95454545454545,772,PPO-Smoothed
1772,40.40909090909091,773,PPO-Smoothed
1773,38.77272727272727,774,PPO-Smoothed
1774,38.95454545454545,775,PPO-Smoothed
1775,41.5,776,PPO-Smoothed
1776,38.40909090909091,777,PPO-Smoothed
1777,40.04545454545455,778,PPO-Smoothed
1778,38.22727272727273,779,PPO-Smoothed
1779,37.86363636363637,780,PPO-Smoothed
1780,37.5,781,PPO-Smoothed
1781,34.95454545454545,782,PPO-Smoothed
1782,37.5,783,PPO-Smoothed
1783,39.86363636363637,784,PPO-Smoothed
1784,40.95454545454545,785,PPO-Smoothed
1785,42.40909090909091,786,PPO-Smoothed
1786,42.77272727272727,787,PPO-Smoothed
1787,44.77272727272727,788,PPO-Smoothed
1788,44.77272727272727,789,PPO-Smoothed
1789,44.77272727272727,790,PPO-Smoothed
1790,43.68181818181818,791,PPO-Smoothed
1791,46.04545454545455,792,PPO-Smoothed
1792,48.95454545454545,793,PPO-Smoothed
1793,47.68181818181818,794,PPO-Smoothed
1794,49.68181818181818,795,PPO-Smoothed
1795,51.5,796,PPO-Smoothed
1796,50.22727272727273,797,PPO-Smoothed
1797,50.04545454545455,798,PPO-Smoothed
1798,49.31818181818182,799,PPO-Smoothed
1799,50.59090909090909,800,PPO-Smoothed
1800,51.13636363636363,801,PPO-Smoothed
1801,52.22727272727273,802,PPO-Smoothed
1802,52.95454545454545,803,PPO-Smoothed
1803,51.86363636363637,804,PPO-Smoothed
1804,49.31818181818182,805,PPO-Smoothed
1805,47.5,806,PPO-Smoothed
1806,43.68181818181818,807,PPO-Smoothed
1807,44.40909090909091,808,PPO-Smoothed
1808,43.13636363636363,809,PPO-Smoothed
1809,43.31818181818182,810,PPO-Smoothed
1810,42.40909090909091,811,PPO-Smoothed
1811,44.59090909090909,812,PPO-Smoothed
1812,45.31818181818182,813,PPO-Smoothed
1813,42.40909090909091,814,PPO-Smoothed
1814,42.59090909090909,815,PPO-Smoothed
1815,45.13636363636363,816,PPO-Smoothed
1816,43.31818181818182,817,PPO-Smoothed
1817,45.86363636363637,818,PPO-Smoothed
1818,45.68181818181818,819,PPO-Smoothed
1819,43.68181818181818,820,PPO-Smoothed
1820,45.5,821,PPO-Smoothed
1821,45.5,822,PPO-Smoothed
1822,47.13636363636363,823,PPO-Smoothed
1823,44.59090909090909,824,PPO-Smoothed
1824,43.5,825,PPO-Smoothed
1825,44.59090909090909,826,PPO-Smoothed
1826,44.40909090909091,827,PPO-Smoothed
1827,44.40909090909091,828,PPO-Smoothed
1828,42.59090909090909,829,PPO-Smoothed
1829,40.77272727272727,830,PPO-Smoothed
1830,41.68181818181818,831,PPO-Smoothed
1831,38.95454545454545,832,PPO-Smoothed
1832,37.68181818181818,833,PPO-Smoothed
1833,31.863636363636363,834,PPO-Smoothed
1834,31.318181818181817,835,PPO-Smoothed
1835,34.59090909090909,836,PPO-Smoothed
1836,34.77272727272727,837,PPO-Smoothed
1837,34.77272727272727,838,PPO-Smoothed
1838,36.59090909090909,839,PPO-Smoothed
1839,38.77272727272727,840,PPO-Smoothed
1840,38.95454545454545,841,PPO-Smoothed
1841,40.59090909090909,842,PPO-Smoothed
1842,42.22727272727273,843,PPO-Smoothed
1843,45.13636363636363,844,PPO-Smoothed
1844,50.04545454545455,845,PPO-Smoothed
1845,50.04545454545455,846,PPO-Smoothed
1846,48.40909090909091,847,PPO-Smoothed
1847,47.5,848,PPO-Smoothed
1848,46.40909090909091,849,PPO-Smoothed
1849,45.68181818181818,850,PPO-Smoothed
1850,43.13636363636363,851,PPO-Smoothed
1851,46.04545454545455,852,PPO-Smoothed
1852,45.5,853,PPO-Smoothed
1853,40.95454545454545,854,PPO-Smoothed
1854,38.04545454545455,855,PPO-Smoothed
1855,34.59090909090909,856,PPO-Smoothed
1856,33.5,857,PPO-Smoothed
1857,35.86363636363637,858,PPO-Smoothed
1858,36.22727272727273,859,PPO-Smoothed
1859,39.13636363636363,860,PPO-Smoothed
1860,37.68181818181818,861,PPO-Smoothed
1861,38.95454545454545,862,PPO-Smoothed
1862,36.40909090909091,863,PPO-Smoothed
1863,34.95454545454545,864,PPO-Smoothed
1864,38.77272727272727,865,PPO-Smoothed
1865,39.5,866,PPO-Smoothed
1866,41.68181818181818,867,PPO-Smoothed
1867,41.5,868,PPO-Smoothed
1868,38.77272727272727,869,PPO-Smoothed
1869,41.86363636363637,870,PPO-Smoothed
1870,39.13636363636363,871,PPO-Smoothed
1871,41.13636363636363,872,PPO-Smoothed
1872,40.40909090909091,873,PPO-Smoothed
1873,38.04545454545455,874,PPO-Smoothed
1874,40.04545454545455,875,PPO-Smoothed
1875,40.59090909090909,876,PPO-Smoothed
1876,42.95454545454545,877,PPO-Smoothed
1877,42.95454545454545,878,PPO-Smoothed
1878,44.77272727272727,879,PPO-Smoothed
1879,46.95454545454545,880,PPO-Smoothed
1880,42.40909090909091,881,PPO-Smoothed
1881,41.86363636363637,882,PPO-Smoothed
1882,40.95454545454545,883,PPO-Smoothed
1883,41.13636363636363,884,PPO-Smoothed
1884,43.86363636363637,885,PPO-Smoothed
1885,42.95454545454545,886,PPO-Smoothed
1886,45.13636363636363,887,PPO-Smoothed
1887,44.77272727272727,888,PPO-Smoothed
1888,43.31818181818182,889,PPO-Smoothed
1889,43.13636363636363,890,PPO-Smoothed
1890,42.22727272727273,891,PPO-Smoothed
1891,43.5,892,PPO-Smoothed
1892,45.86363636363637,893,PPO-Smoothed
1893,46.77272727272727,894,PPO-Smoothed
1894,48.59090909090909,895,PPO-Smoothed
1895,49.86363636363637,896,PPO-Smoothed
1896,48.77272727272727,897,PPO-Smoothed
1897,45.5,898,PPO-Smoothed
1898,44.40909090909091,899,PPO-Smoothed
1899,45.13636363636363,900,PPO-Smoothed
1900,45.86363636363637,901,PPO-Smoothed
1901,43.13636363636363,902,PPO-Smoothed
1902,41.68181818181818,903,PPO-Smoothed
1903,36.95454545454545,904,PPO-Smoothed
1904,37.31818181818182,905,PPO-Smoothed
1905,36.40909090909091,906,PPO-Smoothed
1906,37.86363636363637,907,PPO-Smoothed
1907,37.5,908,PPO-Smoothed
1908,36.77272727272727,909,PPO-Smoothed
1909,38.77272727272727,910,PPO-Smoothed
1910,40.77272727272727,911,PPO-Smoothed
1911,39.86363636363637,912,PPO-Smoothed
1912,43.5,913,PPO-Smoothed
1913,44.04545454545455,914,PPO-Smoothed
1914,44.40909090909091,915,PPO-Smoothed
1915,42.40909090909091,916,PPO-Smoothed
1916,40.95454545454545,917,PPO-Smoothed
1917,38.04545454545455,918,PPO-Smoothed
1918,42.22727272727273,919,PPO-Smoothed
1919,40.40909090909091,920,PPO-Smoothed
1920,36.95454545454545,921,PPO-Smoothed
1921,35.5,922,PPO-Smoothed
1922,39.31818181818182,923,PPO-Smoothed
1923,36.77272727272727,924,PPO-Smoothed
1924,37.31818181818182,925,PPO-Smoothed
1925,40.04545454545455,926,PPO-Smoothed
1926,40.59090909090909,927,PPO-Smoothed
1927,44.59090909090909,928,PPO-Smoothed
1928,47.13636363636363,929,PPO-Smoothed
1929,43.86363636363637,930,PPO-Smoothed
1930,44.04545454545455,931,PPO-Smoothed
1931,46.77272727272727,932,PPO-Smoothed
1932,47.86363636363637,933,PPO-Smoothed
1933,45.13636363636363,934,PPO-Smoothed
1934,46.59090909090909,935,PPO-Smoothed
1935,46.95454545454545,936,PPO-Smoothed
1936,45.31818181818182,937,PPO-Smoothed
1937,45.86363636363637,938,PPO-Smoothed
1938,42.22727272727273,939,PPO-Smoothed
1939,42.22727272727273,940,PPO-Smoothed
1940,43.68181818181818,941,PPO-Smoothed
1941,46.22727272727273,942,PPO-Smoothed
1942,46.77272727272727,943,PPO-Smoothed
1943,45.68181818181818,944,PPO-Smoothed
1944,45.86363636363637,945,PPO-Smoothed
1945,45.5,946,PPO-Smoothed
1946,43.31818181818182,947,PPO-Smoothed
1947,46.04545454545455,948,PPO-Smoothed
1948,46.40909090909091,949,PPO-Smoothed
1949,47.13636363636363,950,PPO-Smoothed
1950,44.04545454545455,951,PPO-Smoothed
1951,43.86363636363637,952,PPO-Smoothed
1952,42.59090909090909,953,PPO-Smoothed
1953,39.31818181818182,954,PPO-Smoothed
1954,38.04545454545455,955,PPO-Smoothed
1955,38.22727272727273,956,PPO-Smoothed
1956,38.04545454545455,957,PPO-Smoothed
1957,41.13636363636363,958,PPO-Smoothed
1958,39.86363636363637,959,PPO-Smoothed
1959,40.04545454545455,960,PPO-Smoothed
1960,43.5,961,PPO-Smoothed
1961,45.31818181818182,962,PPO-Smoothed
1962,44.77272727272727,963,PPO-Smoothed
1963,45.68181818181818,964,PPO-Smoothed
1964,49.13636363636363,965,PPO-Smoothed
1965,50.22727272727273,966,PPO-Smoothed
1966,48.77272727272727,967,PPO-Smoothed
1967,48.40909090909091,968,PPO-Smoothed
1968,47.13636363636363,969,PPO-Smoothed
1969,47.5,970,PPO-Smoothed
1970,47.86363636363637,971,PPO-Smoothed
1971,45.68181818181818,972,PPO-Smoothed
1972,46.77272727272727,973,PPO-Smoothed
1973,48.04545454545455,974,PPO-Smoothed
1974,47.13636363636363,975,PPO-Smoothed
1975,46.22727272727273,976,PPO-Smoothed
1976,45.13636363636363,977,PPO-Smoothed
1977,45.68181818181818,978,PPO-Smoothed
1978,47.5,979,PPO-Smoothed
1979,44.95454545454545,980,PPO-Smoothed
1980,42.59090909090909,981,PPO-Smoothed
1981,41.86363636363637,982,PPO-Smoothed
1982,42.40909090909091,983,PPO-Smoothed
1983,40.04545454545455,984,PPO-Smoothed
1984,38.77272727272727,985,PPO-Smoothed
1985,38.04545454545455,986,PPO-Smoothed
1986,36.22727272727273,987,PPO-Smoothed
1987,36.59090909090909,988,PPO-Smoothed
1988,35.68181818181818,989,PPO-Smoothed
1989,35.5,990,PPO-Smoothed
1990,42.22727272727273,991,PPO-Smoothed
1991,42.95454545454545,992,PPO-Smoothed
1992,45.31818181818182,993,PPO-Smoothed
1993,42.59090909090909,994,PPO-Smoothed
1994,44.59090909090909,995,PPO-Smoothed
1995,45.94444444444444,996,PPO-Smoothed
1996,48.642857142857146,997,PPO-Smoothed
1997,52.7,998,PPO-Smoothed
1998,50.833333333333336,999,PPO-Smoothed
1999,53.5,1000,PPO-Smoothed
